id,first_name,last_name
1,Michael,P.
2,Shawn,M.
3,Kathleen,P.
4,Jimmy,C.
5,Katherine,R.
6,Sarah,R.
7,Martin,M.
8,Frank,R.
9,Jennifer,F.
10,Henry,W.
11,Fred,S.
12,Amy,D.
13,Kathleen,M.
14,Amanda,S.
15,Samantha,G.
16,Jamie,J.
17,Patricia,C.
18,Emma,K.
19,Shawn,W.
20,Christina,H.
21,Melissa,H.
22,Rachel,R.
23,James,H.
24,Norma,W.
25,Heather,H.
26,Willie,T.
27,Jessica,B.
28,Teresa,O.
29,Jason,W.
30,Betty,S.
31,Tammy,L.
32,Nancy,H.
33,Christina,C.
34,Juan,R.
35,Melissa,O.
36,Beverly,H.
37,Harry,B.
38,Julia,H.
39,Randy,C.
40,Willie,G.
41,George,C.
42,Barbara,F.
43,Virginia,C.
44,Rebecca,R.
45,Stephen,M.
46,Kathryn,S.
47,Alice,K.
48,Joan,K.
49,Roger,H.
50,Teresa,S.
51,Anna,T.
52,Sandra,C.
53,Ann,B.
54,Kelly,W.
55,Larry,F.
56,Christine,R.
57,Jessica,F.
58,Jessica,P.
59,Beverly,H.
60,Scott,R.
61,Ashley,J.
62,Bruce,H.
63,Rachel,M.
64,Carlos,J.
65,Willie,R.
66,Billy,R.
67,Amy,K.
68,Elizabeth,R.
69,Jennifer,G.
70,Rachel,C.
71,Clarence,M.
72,Beverly,H.
73,Teresa,C.
74,Gary,T.
75,Martha,M.
76,Justin,M.
77,Joe,B.
78,Benjamin,A.
79,Bobby,M.
80,Carlos,P.
81,Frances,T.
82,Shawn,P.
83,Kelly,P.
84,Ralph,H.
85,Patricia,C.
86,Joan,G.
87,Arthur,T.
88,Sara,S.
89,Karen,G.
90,Anna,R.
91,Rachel,B.
92,Christine,T.
93,Kenneth,B.
94,Timothy,W.
95,Kathryn,M.
96,Sara,B.
97,Benjamin,W.
98,Rachel,R.
99,Amy,M.
100,Patricia,K.
